"id","district_id","case_id","date","total"
35,"3204",2,"2020-08-05",274
170,"3216",5,"2020-08-05",0
181,"3217",5,"2020-08-05",0
192,"3218",5,"2020-08-05",0
203,"3271",5,"2020-08-05",0
214,"3272",5,"2020-08-05",0
225,"3273",5,"2020-08-05",0
236,"3274",5,"2020-08-05",0
247,"3275",5,"2020-08-05",0
258,"3276",5,"2020-08-05",0
269,"3277",5,"2020-08-05",0
280,"3278",5,"2020-08-05",0
291,"3279",5,"2020-08-05",0
297,"3279",11,"2020-08-05",0
286,"3278",11,"2020-08-05",0
275,"3277",11,"2020-08-05",0
264,"3276",11,"2020-08-05",0
253,"3275",11,"2020-08-05",0
242,"3274",11,"2020-08-05",0
231,"3273",11,"2020-08-05",0
220,"3272",11,"2020-08-05",0
209,"3271",11,"2020-08-05",0
198,"3218",11,"2020-08-05",0
187,"3217",11,"2020-08-05",0
176,"3216",11,"2020-08-05",0
165,"3215",11,"2020-08-05",0
154,"3214",11,"2020-08-05",0
143,"3213",11,"2020-08-05",0
132,"3212",11,"2020-08-05",0
121,"3211",11,"2020-08-05",0
110,"3210",11,"2020-08-05",0
99,"3209",11,"2020-08-05",0
88,"3208",11,"2020-08-05",0
77,"3207",11,"2020-08-05",0
66,"3206",11,"2020-08-05",0
55,"3205",11,"2020-08-05",0
44,"3204",11,"2020-08-05",0
33,"3203",11,"2020-08-05",0
22,"3202",11,"2020-08-05",0
11,"3201",11,"2020-08-05",0
150,"3214",7,"2020-08-05",0
139,"3213",7,"2020-08-05",0
128,"3212",7,"2020-08-05",0
117,"3211",7,"2020-08-05",0
106,"3210",7,"2020-08-05",0
95,"3209",7,"2020-08-05",0
84,"3208",7,"2020-08-05",0
73,"3207",7,"2020-08-05",3
62,"3206",7,"2020-08-05",0
51,"3205",7,"2020-08-05",0
40,"3204",7,"2020-08-05",0
29,"3203",7,"2020-08-05",0
18,"3202",7,"2020-08-05",0
7,"3201",7,"2020-08-05",0
292,"3279",6,"2020-08-05",0
281,"3278",6,"2020-08-05",0
270,"3277",6,"2020-08-05",0
259,"3276",6,"2020-08-05",0
248,"3275",6,"2020-08-05",0
237,"3274",6,"2020-08-05",0
226,"3273",6,"2020-08-05",0
215,"3272",6,"2020-08-05",0
204,"3271",6,"2020-08-05",0
193,"3218",6,"2020-08-05",0
182,"3217",6,"2020-08-05",0
171,"3216",6,"2020-08-05",1
160,"3215",6,"2020-08-05",0
149,"3214",6,"2020-08-05",0
138,"3213",6,"2020-08-05",0
127,"3212",6,"2020-08-05",0
116,"3211",6,"2020-08-05",0
105,"3210",6,"2020-08-05",0
94,"3209",6,"2020-08-05",0
83,"3208",6,"2020-08-05",0
72,"3207",6,"2020-08-05",0
61,"3206",6,"2020-08-05",0
50,"3205",6,"2020-08-05",0
6,"3201",6,"2020-08-05",0
17,"3202",6,"2020-08-05",0
28,"3203",6,"2020-08-05",0
39,"3204",6,"2020-08-05",0
2,"3201",2,"2020-08-05",0
13,"3202",2,"2020-08-05",332
24,"3203",2,"2020-08-05",0
159,"3215",5,"2020-08-05",0
46,"3205",2,"2020-08-05",2250
57,"3206",2,"2020-08-05",0
68,"3207",2,"2020-08-05",1292
79,"3208",2,"2020-08-05",467
90,"3209",2,"2020-08-05",255
101,"3210",2,"2020-08-05",160
112,"3211",2,"2020-08-05",125
123,"3212",2,"2020-08-05",200
134,"3213",2,"2020-08-05",405
145,"3214",2,"2020-08-05",493
156,"3215",2,"2020-08-05",1319
167,"3216",2,"2020-08-05",1992
178,"3217",2,"2020-08-05",462
189,"3218",2,"2020-08-05",537
200,"3271",2,"2020-08-05",824
211,"3272",2,"2020-08-05",1445
222,"3273",2,"2020-08-05",3537
233,"3274",2,"2020-08-05",188
244,"3275",2,"2020-08-05",0
255,"3276",2,"2020-08-05",2745
266,"3277",2,"2020-08-05",3608
277,"3278",2,"2020-08-05",685
288,"3279",2,"2020-08-05",187
1,"3201",1,"2020-08-05",0
296,"3279",10,"2020-08-05",111
285,"3278",10,"2020-08-05",0
274,"3277",10,"2020-08-05",526
263,"3276",10,"2020-08-05",5652
252,"3275",10,"2020-08-05",0
241,"3274",10,"2020-08-05",367
230,"3273",10,"2020-08-05",0
219,"3272",10,"2020-08-05",329
208,"3271",10,"2020-08-05",2231
197,"3218",10,"2020-08-05",573
186,"3217",10,"2020-08-05",773
175,"3216",10,"2020-08-05",1535
164,"3215",10,"2020-08-05",6075
153,"3214",10,"2020-08-05",686
142,"3213",10,"2020-08-05",5787
131,"3212",10,"2020-08-05",1293
120,"3211",10,"2020-08-05",52
109,"3210",10,"2020-08-05",660
98,"3209",10,"2020-08-05",295
87,"3208",10,"2020-08-05",307
76,"3207",10,"2020-08-05",0
65,"3206",10,"2020-08-05",0
54,"3205",10,"2020-08-05",244
43,"3204",10,"2020-08-05",2179
32,"3203",10,"2020-08-05",0
21,"3202",10,"2020-08-05",4714
10,"3201",10,"2020-08-05",0
3,"3201",3,"2020-08-05",0
14,"3202",3,"2020-08-05",0
25,"3203",3,"2020-08-05",0
36,"3204",3,"2020-08-05",0
47,"3205",3,"2020-08-05",0
58,"3206",3,"2020-08-05",0
69,"3207",3,"2020-08-05",0
80,"3208",3,"2020-08-05",0
91,"3209",3,"2020-08-05",0
102,"3210",3,"2020-08-05",0
113,"3211",3,"2020-08-05",0
124,"3212",3,"2020-08-05",0
135,"3213",3,"2020-08-05",0
146,"3214",3,"2020-08-05",0
157,"3215",3,"2020-08-05",0
168,"3216",3,"2020-08-05",0
179,"3217",3,"2020-08-05",0
190,"3218",3,"2020-08-05",0
201,"3271",3,"2020-08-05",0
212,"3272",3,"2020-08-05",0
223,"3273",3,"2020-08-05",0
234,"3274",3,"2020-08-05",0
245,"3275",3,"2020-08-05",0
256,"3276",3,"2020-08-05",0
267,"3277",3,"2020-08-05",0
278,"3278",3,"2020-08-05",0
289,"3279",3,"2020-08-05",0
12,"3202",1,"2020-08-05",0
23,"3203",1,"2020-08-05",0
34,"3204",1,"2020-08-05",0
45,"3205",1,"2020-08-05",132
56,"3206",1,"2020-08-05",0
67,"3207",1,"2020-08-05",3
78,"3208",1,"2020-08-05",4
89,"3209",1,"2020-08-05",187
100,"3210",1,"2020-08-05",260
111,"3211",1,"2020-08-05",0
122,"3212",1,"2020-08-05",35
133,"3213",1,"2020-08-05",50
144,"3214",1,"2020-08-05",39
155,"3215",1,"2020-08-05",118
166,"3216",1,"2020-08-05",135
177,"3217",1,"2020-08-05",72
188,"3218",1,"2020-08-05",0
199,"3271",1,"2020-08-05",68
210,"3272",1,"2020-08-05",0
221,"3273",1,"2020-08-05",16
232,"3274",1,"2020-08-05",10
243,"3275",1,"2020-08-05",0
254,"3276",1,"2020-08-05",361
265,"3277",1,"2020-08-05",318
276,"3278",1,"2020-08-05",7
287,"3279",1,"2020-08-05",0
295,"3279",9,"2020-08-05",475
284,"3278",9,"2020-08-05",1364
273,"3277",9,"2020-08-05",330
262,"3276",9,"2020-08-05",428
251,"3275",9,"2020-08-05",0
240,"3274",9,"2020-08-05",4
229,"3273",9,"2020-08-05",6780
218,"3272",9,"2020-08-05",2
207,"3271",9,"2020-08-05",61
196,"3218",9,"2020-08-05",0
185,"3217",9,"2020-08-05",3
174,"3216",9,"2020-08-05",4001
163,"3215",9,"2020-08-05",25
152,"3214",9,"2020-08-05",5
141,"3213",9,"2020-08-05",1
130,"3212",9,"2020-08-05",347
119,"3211",9,"2020-08-05",991
108,"3210",9,"2020-08-05",11
97,"3209",9,"2020-08-05",5
86,"3208",9,"2020-08-05",1683
75,"3207",9,"2020-08-05",2075
64,"3206",9,"2020-08-05",0
53,"3205",9,"2020-08-05",2644
42,"3204",9,"2020-08-05",31
31,"3203",9,"2020-08-05",0
20,"3202",9,"2020-08-05",4
9,"3201",9,"2020-08-05",0
294,"3279",8,"2020-08-05",0
283,"3278",8,"2020-08-05",5
272,"3277",8,"2020-08-05",0
4,"3201",4,"2020-08-05",0
15,"3202",4,"2020-08-05",0
26,"3203",4,"2020-08-05",0
37,"3204",4,"2020-08-05",0
48,"3205",4,"2020-08-05",0
59,"3206",4,"2020-08-05",0
70,"3207",4,"2020-08-05",0
81,"3208",4,"2020-08-05",0
92,"3209",4,"2020-08-05",0
103,"3210",4,"2020-08-05",0
114,"3211",4,"2020-08-05",0
125,"3212",4,"2020-08-05",0
136,"3213",4,"2020-08-05",0
147,"3214",4,"2020-08-05",0
158,"3215",4,"2020-08-05",0
169,"3216",4,"2020-08-05",0
180,"3217",4,"2020-08-05",0
191,"3218",4,"2020-08-05",0
202,"3271",4,"2020-08-05",0
213,"3272",4,"2020-08-05",0
224,"3273",4,"2020-08-05",0
235,"3274",4,"2020-08-05",0
246,"3275",4,"2020-08-05",0
257,"3276",4,"2020-08-05",0
268,"3277",4,"2020-08-05",0
279,"3278",4,"2020-08-05",0
290,"3279",4,"2020-08-05",0
261,"3276",8,"2020-08-05",0
250,"3275",8,"2020-08-05",0
239,"3274",8,"2020-08-05",0
228,"3273",8,"2020-08-05",0
217,"3272",8,"2020-08-05",2
206,"3271",8,"2020-08-05",1
195,"3218",8,"2020-08-05",0
184,"3217",8,"2020-08-05",7
173,"3216",8,"2020-08-05",32
162,"3215",8,"2020-08-05",57
151,"3214",8,"2020-08-05",1
140,"3213",8,"2020-08-05",0
129,"3212",8,"2020-08-05",73
118,"3211",8,"2020-08-05",4
107,"3210",8,"2020-08-05",7
96,"3209",8,"2020-08-05",1
85,"3208",8,"2020-08-05",1
74,"3207",8,"2020-08-05",0
63,"3206",8,"2020-08-05",0
52,"3205",8,"2020-08-05",0
41,"3204",8,"2020-08-05",26
30,"3203",8,"2020-08-05",0
19,"3202",8,"2020-08-05",25
8,"3201",8,"2020-08-05",163
293,"3279",7,"2020-08-05",0
282,"3278",7,"2020-08-05",46
271,"3277",7,"2020-08-05",0
260,"3276",7,"2020-08-05",0
249,"3275",7,"2020-08-05",0
238,"3274",7,"2020-08-05",0
227,"3273",7,"2020-08-05",0
216,"3272",7,"2020-08-05",0
205,"3271",7,"2020-08-05",0
194,"3218",7,"2020-08-05",0
183,"3217",7,"2020-08-05",0
172,"3216",7,"2020-08-05",0
161,"3215",7,"2020-08-05",0
5,"3201",5,"2020-08-05",0
16,"3202",5,"2020-08-05",0
27,"3203",5,"2020-08-05",0
38,"3204",5,"2020-08-05",0
49,"3205",5,"2020-08-05",0
60,"3206",5,"2020-08-05",0
71,"3207",5,"2020-08-05",0
82,"3208",5,"2020-08-05",0
93,"3209",5,"2020-08-05",0
104,"3210",5,"2020-08-05",0
115,"3211",5,"2020-08-05",0
126,"3212",5,"2020-08-05",0
137,"3213",5,"2020-08-05",0
148,"3214",5,"2020-08-05",0
502,"3271",7,"2020-08-06",0
491,"3218",7,"2020-08-06",0
480,"3217",7,"2020-08-06",0
469,"3216",7,"2020-08-06",0
458,"3215",7,"2020-08-06",0
447,"3214",7,"2020-08-06",0
436,"3213",7,"2020-08-06",14
425,"3212",7,"2020-08-06",0
414,"3211",7,"2020-08-06",0
403,"3210",7,"2020-08-06",0
392,"3209",7,"2020-08-06",0
381,"3208",7,"2020-08-06",0
370,"3207",7,"2020-08-06",3
302,"3201",5,"2020-08-06",245
313,"3202",5,"2020-08-06",62
324,"3203",5,"2020-08-06",22
335,"3204",5,"2020-08-06",117
346,"3205",5,"2020-08-06",20
357,"3206",5,"2020-08-06",7
368,"3207",5,"2020-08-06",13
379,"3208",5,"2020-08-06",25
390,"3209",5,"2020-08-06",15
401,"3210",5,"2020-08-06",6
412,"3211",5,"2020-08-06",18
423,"3212",5,"2020-08-06",32
434,"3213",5,"2020-08-06",51
445,"3214",5,"2020-08-06",33
456,"3215",5,"2020-08-06",42
467,"3216",5,"2020-08-06",230
478,"3217",5,"2020-08-06",76
489,"3218",5,"2020-08-06",17
500,"3271",5,"2020-08-06",198
511,"3272",5,"2020-08-06",46
522,"3273",5,"2020-08-06",388
533,"3274",5,"2020-08-06",28
544,"3275",5,"2020-08-06",518
555,"3276",5,"2020-08-06",905
566,"3277",5,"2020-08-06",136
577,"3278",5,"2020-08-06",22
588,"3279",5,"2020-08-06",9
359,"3206",7,"2020-08-06",0
348,"3205",7,"2020-08-06",0
337,"3204",7,"2020-08-06",0
326,"3203",7,"2020-08-06",0
315,"3202",7,"2020-08-06",0
304,"3201",7,"2020-08-06",0
590,"3279",7,"2020-08-06",0
300,"3201",3,"2020-08-06",0
311,"3202",3,"2020-08-06",0
322,"3203",3,"2020-08-06",0
333,"3204",3,"2020-08-06",0
344,"3205",3,"2020-08-06",0
355,"3206",3,"2020-08-06",0
366,"3207",3,"2020-08-06",0
377,"3208",3,"2020-08-06",0
388,"3209",3,"2020-08-06",0
399,"3210",3,"2020-08-06",0
410,"3211",3,"2020-08-06",0
421,"3212",3,"2020-08-06",0
432,"3213",3,"2020-08-06",0
443,"3214",3,"2020-08-06",0
454,"3215",3,"2020-08-06",0
465,"3216",3,"2020-08-06",0
476,"3217",3,"2020-08-06",0
487,"3218",3,"2020-08-06",0
498,"3271",3,"2020-08-06",0
509,"3272",3,"2020-08-06",0
520,"3273",3,"2020-08-06",0
531,"3274",3,"2020-08-06",0
542,"3275",3,"2020-08-06",0
553,"3276",3,"2020-08-06",0
564,"3277",3,"2020-08-06",0
575,"3278",3,"2020-08-06",0
586,"3279",3,"2020-08-06",0
579,"3278",7,"2020-08-06",46
568,"3277",7,"2020-08-06",0
301,"3201",4,"2020-08-06",10
312,"3202",4,"2020-08-06",0
323,"3203",4,"2020-08-06",2
334,"3204",4,"2020-08-06",6
345,"3205",4,"2020-08-06",3
589,"3279",6,"2020-08-06",0
578,"3278",6,"2020-08-06",0
567,"3277",6,"2020-08-06",0
556,"3276",6,"2020-08-06",25
545,"3275",6,"2020-08-06",9
534,"3274",6,"2020-08-06",0
523,"3273",6,"2020-08-06",0
512,"3272",6,"2020-08-06",0
501,"3271",6,"2020-08-06",0
490,"3218",6,"2020-08-06",0
479,"3217",6,"2020-08-06",0
468,"3216",6,"2020-08-06",1
457,"3215",6,"2020-08-06",0
446,"3214",6,"2020-08-06",0
435,"3213",6,"2020-08-06",0
424,"3212",6,"2020-08-06",0
413,"3211",6,"2020-08-06",0
402,"3210",6,"2020-08-06",0
391,"3209",6,"2020-08-06",0
380,"3208",6,"2020-08-06",0
369,"3207",6,"2020-08-06",0
358,"3206",6,"2020-08-06",0
347,"3205",6,"2020-08-06",0
336,"3204",6,"2020-08-06",0
325,"3203",6,"2020-08-06",0
314,"3202",6,"2020-08-06",0
303,"3201",6,"2020-08-06",0
356,"3206",4,"2020-08-06",1
367,"3207",4,"2020-08-06",0
378,"3208",4,"2020-08-06",2
389,"3209",4,"2020-08-06",3
400,"3210",4,"2020-08-06",1
411,"3211",4,"2020-08-06",0
422,"3212",4,"2020-08-06",4
433,"3213",4,"2020-08-06",2
444,"3214",4,"2020-08-06",1
455,"3215",4,"2020-08-06",1
466,"3216",4,"2020-08-06",29
477,"3217",4,"2020-08-06",3
488,"3218",4,"2020-08-06",0
499,"3271",4,"2020-08-06",18
510,"3272",4,"2020-08-06",0
521,"3273",4,"2020-08-06",44
532,"3274",4,"2020-08-06",2
543,"3275",4,"2020-08-06",33
554,"3276",4,"2020-08-06",41
298,"3201",1,"2020-08-06",0
372,"3207",9,"2020-08-06",0
361,"3206",9,"2020-08-06",0
350,"3205",9,"2020-08-06",0
339,"3204",9,"2020-08-06",0
328,"3203",9,"2020-08-06",170
317,"3202",9,"2020-08-06",0
306,"3201",9,"2020-08-06",0
593,"3279",10,"2020-08-06",472
582,"3278",10,"2020-08-06",1364
571,"3277",10,"2020-08-06",0
560,"3276",10,"2020-08-06",30
549,"3275",10,"2020-08-06",1600
538,"3274",10,"2020-08-06",0
527,"3273",10,"2020-08-06",6669
516,"3272",10,"2020-08-06",0
505,"3271",10,"2020-08-06",0
494,"3218",10,"2020-08-06",0
565,"3277",4,"2020-08-06",2
576,"3278",4,"2020-08-06",2
587,"3279",4,"2020-08-06",1
594,"3279",11,"2020-08-06",20
583,"3278",11,"2020-08-06",8
572,"3277",11,"2020-08-06",19
561,"3276",11,"2020-08-06",118
550,"3275",11,"2020-08-06",198
539,"3274",11,"2020-08-06",6
528,"3273",11,"2020-08-06",154
517,"3272",11,"2020-08-06",2
506,"3271",11,"2020-08-06",145
495,"3218",11,"2020-08-06",10
484,"3217",11,"2020-08-06",52
473,"3216",11,"2020-08-06",249
462,"3215",11,"2020-08-06",62
451,"3214",11,"2020-08-06",33
440,"3213",11,"2020-08-06",28
429,"3212",11,"2020-08-06",64
418,"3211",11,"2020-08-06",17
407,"3210",11,"2020-08-06",17
396,"3209",11,"2020-08-06",54
385,"3208",11,"2020-08-06",28
374,"3207",11,"2020-08-06",20
363,"3206",11,"2020-08-06",5
352,"3205",11,"2020-08-06",6
341,"3204",11,"2020-08-06",117
299,"3201",2,"2020-08-06",0
310,"3202",2,"2020-08-06",0
321,"3203",2,"2020-08-06",25
332,"3204",2,"2020-08-06",0
343,"3205",2,"2020-08-06",0
354,"3206",2,"2020-08-06",49
365,"3207",2,"2020-08-06",0
376,"3208",2,"2020-08-06",0
387,"3209",2,"2020-08-06",0
398,"3210",2,"2020-08-06",0
409,"3211",2,"2020-08-06",0
420,"3212",2,"2020-08-06",0
431,"3213",2,"2020-08-06",31
442,"3214",2,"2020-08-06",0
453,"3215",2,"2020-08-06",13
464,"3216",2,"2020-08-06",26
475,"3217",2,"2020-08-06",0
486,"3218",2,"2020-08-06",0
497,"3271",2,"2020-08-06",0
508,"3272",2,"2020-08-06",0
519,"3273",2,"2020-08-06",0
530,"3274",2,"2020-08-06",0
541,"3275",2,"2020-08-06",0
552,"3276",2,"2020-08-06",0
563,"3277",2,"2020-08-06",0
574,"3278",2,"2020-08-06",0
585,"3279",2,"2020-08-06",0
591,"3279",8,"2020-08-06",0
309,"3202",1,"2020-08-06",0
320,"3203",1,"2020-08-06",79
331,"3204",1,"2020-08-06",0
342,"3205",1,"2020-08-06",0
353,"3206",1,"2020-08-06",0
364,"3207",1,"2020-08-06",0
375,"3208",1,"2020-08-06",25
386,"3209",1,"2020-08-06",0
397,"3210",1,"2020-08-06",8
408,"3211",1,"2020-08-06",0
419,"3212",1,"2020-08-06",0
430,"3213",1,"2020-08-06",0
441,"3214",1,"2020-08-06",0
452,"3215",1,"2020-08-06",0
463,"3216",1,"2020-08-06",12
474,"3217",1,"2020-08-06",0
485,"3218",1,"2020-08-06",0
496,"3271",1,"2020-08-06",0
507,"3272",1,"2020-08-06",20
518,"3273",1,"2020-08-06",0
529,"3274",1,"2020-08-06",1
540,"3275",1,"2020-08-06",37
551,"3276",1,"2020-08-06",15
562,"3277",1,"2020-08-06",0
573,"3278",1,"2020-08-06",0
584,"3279",1,"2020-08-06",0
483,"3217",10,"2020-08-06",0
472,"3216",10,"2020-08-06",3947
461,"3215",10,"2020-08-06",6
450,"3214",10,"2020-08-06",0
439,"3213",10,"2020-08-06",0
428,"3212",10,"2020-08-06",0
417,"3211",10,"2020-08-06",1041
406,"3210",10,"2020-08-06",0
395,"3209",10,"2020-08-06",2
384,"3208",10,"2020-08-06",1656
373,"3207",10,"2020-08-06",2075
362,"3206",10,"2020-08-06",1563
351,"3205",10,"2020-08-06",2626
340,"3204",10,"2020-08-06",7
329,"3203",10,"2020-08-06",1020
318,"3202",10,"2020-08-06",3
307,"3201",10,"2020-08-06",0
580,"3278",8,"2020-08-06",5
569,"3277",8,"2020-08-06",0
558,"3276",8,"2020-08-06",7
547,"3275",8,"2020-08-06",7
536,"3274",8,"2020-08-06",0
525,"3273",8,"2020-08-06",0
514,"3272",8,"2020-08-06",2
503,"3271",8,"2020-08-06",1
492,"3218",8,"2020-08-06",0
481,"3217",8,"2020-08-06",7
470,"3216",8,"2020-08-06",32
459,"3215",8,"2020-08-06",57
448,"3214",8,"2020-08-06",1
437,"3213",8,"2020-08-06",0
426,"3212",8,"2020-08-06",73
415,"3211",8,"2020-08-06",4
404,"3210",8,"2020-08-06",7
393,"3209",8,"2020-08-06",1
382,"3208",8,"2020-08-06",1
371,"3207",8,"2020-08-06",0
360,"3206",8,"2020-08-06",0
349,"3205",8,"2020-08-06",0
338,"3204",8,"2020-08-06",26
327,"3203",8,"2020-08-06",0
316,"3202",8,"2020-08-06",25
305,"3201",8,"2020-08-06",163
330,"3203",11,"2020-08-06",89
592,"3279",9,"2020-08-06",0
581,"3278",9,"2020-08-06",0
570,"3277",9,"2020-08-06",0
559,"3276",9,"2020-08-06",0
548,"3275",9,"2020-08-06",1
537,"3274",9,"2020-08-06",4
526,"3273",9,"2020-08-06",0
515,"3272",9,"2020-08-06",0
504,"3271",9,"2020-08-06",20
493,"3218",9,"2020-08-06",0
482,"3217",9,"2020-08-06",0
471,"3216",9,"2020-08-06",0
460,"3215",9,"2020-08-06",0
449,"3214",9,"2020-08-06",0
438,"3213",9,"2020-08-06",0
427,"3212",9,"2020-08-06",20
416,"3211",9,"2020-08-06",0
405,"3210",9,"2020-08-06",1
394,"3209",9,"2020-08-06",2
383,"3208",9,"2020-08-06",0
319,"3202",11,"2020-08-06",32
308,"3201",11,"2020-08-06",486
557,"3276",7,"2020-08-06",0
546,"3275",7,"2020-08-06",0
535,"3274",7,"2020-08-06",0
524,"3273",7,"2020-08-06",0
513,"3272",7,"2020-08-06",0
596,"3201",2,"2020-08-07",0
595,"3201",1,"2020-08-07",0
606,"3202",1,"2020-08-07",0
617,"3203",1,"2020-08-07",0
628,"3204",1,"2020-08-07",0
639,"3205",1,"2020-08-07",0
650,"3206",1,"2020-08-07",0
661,"3207",1,"2020-08-07",0
672,"3208",1,"2020-08-07",0
683,"3209",1,"2020-08-07",8
694,"3210",1,"2020-08-07",8
705,"3211",1,"2020-08-07",0
716,"3212",1,"2020-08-07",10
727,"3213",1,"2020-08-07",0
738,"3214",1,"2020-08-07",0
749,"3215",1,"2020-08-07",1
760,"3216",1,"2020-08-07",10
771,"3217",1,"2020-08-07",0
782,"3218",1,"2020-08-07",0
793,"3271",1,"2020-08-07",0
804,"3272",1,"2020-08-07",0
815,"3273",1,"2020-08-07",0
826,"3274",1,"2020-08-07",0
837,"3275",1,"2020-08-07",0
848,"3276",1,"2020-08-07",0
859,"3277",1,"2020-08-07",0
870,"3278",1,"2020-08-07",0
881,"3279",1,"2020-08-07",0
607,"3202",2,"2020-08-07",0
618,"3203",2,"2020-08-07",0
629,"3204",2,"2020-08-07",0
640,"3205",2,"2020-08-07",0
651,"3206",2,"2020-08-07",0
662,"3207",2,"2020-08-07",0
673,"3208",2,"2020-08-07",0
684,"3209",2,"2020-08-07",0
695,"3210",2,"2020-08-07",0
706,"3211",2,"2020-08-07",0
717,"3212",2,"2020-08-07",5
728,"3213",2,"2020-08-07",0
739,"3214",2,"2020-08-07",0
750,"3215",2,"2020-08-07",0
761,"3216",2,"2020-08-07",3
772,"3217",2,"2020-08-07",0
783,"3218",2,"2020-08-07",0
794,"3271",2,"2020-08-07",0
805,"3272",2,"2020-08-07",0
816,"3273",2,"2020-08-07",0
827,"3274",2,"2020-08-07",0
838,"3275",2,"2020-08-07",0
849,"3276",2,"2020-08-07",0
860,"3277",2,"2020-08-07",0
871,"3278",2,"2020-08-07",0
882,"3279",2,"2020-08-07",0
597,"3201",3,"2020-08-07",0
608,"3202",3,"2020-08-07",0
619,"3203",3,"2020-08-07",0
630,"3204",3,"2020-08-07",0
641,"3205",3,"2020-08-07",0
652,"3206",3,"2020-08-07",0
663,"3207",3,"2020-08-07",0
674,"3208",3,"2020-08-07",0
685,"3209",3,"2020-08-07",0
696,"3210",3,"2020-08-07",0
707,"3211",3,"2020-08-07",0
718,"3212",3,"2020-08-07",0
729,"3213",3,"2020-08-07",0
740,"3214",3,"2020-08-07",0
751,"3215",3,"2020-08-07",0
762,"3216",3,"2020-08-07",0
773,"3217",3,"2020-08-07",0
784,"3218",3,"2020-08-07",0
795,"3271",3,"2020-08-07",0
806,"3272",3,"2020-08-07",0
817,"3273",3,"2020-08-07",0
828,"3274",3,"2020-08-07",0
839,"3275",3,"2020-08-07",0
850,"3276",3,"2020-08-07",0
861,"3277",3,"2020-08-07",0
872,"3278",3,"2020-08-07",0
883,"3279",3,"2020-08-07",0
598,"3201",4,"2020-08-07",0
609,"3202",4,"2020-08-07",0
620,"3203",4,"2020-08-07",0
631,"3204",4,"2020-08-07",0
642,"3205",4,"2020-08-07",0
653,"3206",4,"2020-08-07",1
664,"3207",4,"2020-08-07",0
675,"3208",4,"2020-08-07",0
686,"3209",4,"2020-08-07",1
697,"3210",4,"2020-08-07",0
708,"3211",4,"2020-08-07",0
719,"3212",4,"2020-08-07",0
730,"3213",4,"2020-08-07",0
741,"3214",4,"2020-08-07",0
752,"3215",4,"2020-08-07",0
763,"3216",4,"2020-08-07",0
774,"3217",4,"2020-08-07",0
785,"3218",4,"2020-08-07",0
796,"3271",4,"2020-08-07",2
807,"3272",4,"2020-08-07",0
818,"3273",4,"2020-08-07",0
829,"3274",4,"2020-08-07",0
840,"3275",4,"2020-08-07",0
851,"3276",4,"2020-08-07",0
862,"3277",4,"2020-08-07",0
873,"3278",4,"2020-08-07",0
884,"3279",4,"2020-08-07",0
599,"3201",5,"2020-08-07",0
610,"3202",5,"2020-08-07",0
621,"3203",5,"2020-08-07",0
632,"3204",5,"2020-08-07",0
643,"3205",5,"2020-08-07",0
654,"3206",5,"2020-08-07",0
665,"3207",5,"2020-08-07",0
676,"3208",5,"2020-08-07",0
687,"3209",5,"2020-08-07",0
698,"3210",5,"2020-08-07",0
709,"3211",5,"2020-08-07",0
720,"3212",5,"2020-08-07",0
731,"3213",5,"2020-08-07",0
742,"3214",5,"2020-08-07",0
753,"3215",5,"2020-08-07",0
764,"3216",5,"2020-08-07",0
775,"3217",5,"2020-08-07",0
786,"3218",5,"2020-08-07",0
797,"3271",5,"2020-08-07",0
808,"3272",5,"2020-08-07",0
819,"3273",5,"2020-08-07",0
830,"3274",5,"2020-08-07",0
841,"3275",5,"2020-08-07",0
852,"3276",5,"2020-08-07",0
863,"3277",5,"2020-08-07",0
874,"3278",5,"2020-08-07",0
885,"3279",5,"2020-08-07",0
600,"3201",6,"2020-08-07",0
611,"3202",6,"2020-08-07",1
622,"3203",6,"2020-08-07",0
633,"3204",6,"2020-08-07",0
644,"3205",6,"2020-08-07",0
655,"3206",6,"2020-08-07",0
666,"3207",6,"2020-08-07",0
677,"3208",6,"2020-08-07",0
688,"3209",6,"2020-08-07",0
699,"3210",6,"2020-08-07",0
710,"3211",6,"2020-08-07",0
721,"3212",6,"2020-08-07",0
732,"3213",6,"2020-08-07",0
743,"3214",6,"2020-08-07",0
754,"3215",6,"2020-08-07",0
765,"3216",6,"2020-08-07",1
776,"3217",6,"2020-08-07",0
787,"3218",6,"2020-08-07",0
798,"3271",6,"2020-08-07",0
809,"3272",6,"2020-08-07",0
820,"3273",6,"2020-08-07",0
831,"3274",6,"2020-08-07",0
842,"3275",6,"2020-08-07",9
853,"3276",6,"2020-08-07",25
864,"3277",6,"2020-08-07",0
875,"3278",6,"2020-08-07",0
886,"3279",6,"2020-08-07",0
601,"3201",7,"2020-08-07",0
612,"3202",7,"2020-08-07",0
623,"3203",7,"2020-08-07",0
634,"3204",7,"2020-08-07",0
645,"3205",7,"2020-08-07",0
656,"3206",7,"2020-08-07",0
667,"3207",7,"2020-08-07",3
678,"3208",7,"2020-08-07",0
689,"3209",7,"2020-08-07",0
700,"3210",7,"2020-08-07",0
711,"3211",7,"2020-08-07",0
722,"3212",7,"2020-08-07",0
733,"3213",7,"2020-08-07",14
744,"3214",7,"2020-08-07",0
755,"3215",7,"2020-08-07",0
766,"3216",7,"2020-08-07",0
777,"3217",7,"2020-08-07",0
788,"3218",7,"2020-08-07",0
799,"3271",7,"2020-08-07",0
810,"3272",7,"2020-08-07",0
821,"3273",7,"2020-08-07",0
832,"3274",7,"2020-08-07",0
843,"3275",7,"2020-08-07",0
854,"3276",7,"2020-08-07",0
865,"3277",7,"2020-08-07",0
876,"3278",7,"2020-08-07",46
887,"3279",7,"2020-08-07",0
602,"3201",8,"2020-08-07",163
613,"3202",8,"2020-08-07",25
624,"3203",8,"2020-08-07",0
635,"3204",8,"2020-08-07",26
646,"3205",8,"2020-08-07",0
657,"3206",8,"2020-08-07",0
668,"3207",8,"2020-08-07",0
679,"3208",8,"2020-08-07",1
690,"3209",8,"2020-08-07",1
701,"3210",8,"2020-08-07",7
712,"3211",8,"2020-08-07",4
723,"3212",8,"2020-08-07",73
734,"3213",8,"2020-08-07",0
745,"3214",8,"2020-08-07",1
756,"3215",8,"2020-08-07",57
767,"3216",8,"2020-08-07",32
778,"3217",8,"2020-08-07",7
789,"3218",8,"2020-08-07",0
800,"3271",8,"2020-08-07",1
811,"3272",8,"2020-08-07",2
822,"3273",8,"2020-08-07",0
833,"3274",8,"2020-08-07",0
844,"3275",8,"2020-08-07",7
855,"3276",8,"2020-08-07",7
866,"3277",8,"2020-08-07",0
877,"3278",8,"2020-08-07",5
888,"3279",8,"2020-08-07",0
603,"3201",9,"2020-08-07",0
614,"3202",9,"2020-08-07",0
625,"3203",9,"2020-08-07",0
636,"3204",9,"2020-08-07",0
647,"3205",9,"2020-08-07",0
658,"3206",9,"2020-08-07",0
669,"3207",9,"2020-08-07",0
680,"3208",9,"2020-08-07",1
691,"3209",9,"2020-08-07",0
702,"3210",9,"2020-08-07",0
713,"3211",9,"2020-08-07",0
724,"3212",9,"2020-08-07",0
735,"3213",9,"2020-08-07",0
746,"3214",9,"2020-08-07",6
757,"3215",9,"2020-08-07",2
768,"3216",9,"2020-08-07",11
779,"3217",9,"2020-08-07",0
790,"3218",9,"2020-08-07",1
801,"3271",9,"2020-08-07",0
812,"3272",9,"2020-08-07",0
823,"3273",9,"2020-08-07",0
834,"3274",9,"2020-08-07",0
845,"3275",9,"2020-08-07",0
856,"3276",9,"2020-08-07",0
867,"3277",9,"2020-08-07",0
878,"3278",9,"2020-08-07",0
889,"3279",9,"2020-08-07",0
604,"3201",10,"2020-08-07",0
615,"3202",10,"2020-08-07",0
626,"3203",10,"2020-08-07",0
637,"3204",10,"2020-08-07",12
648,"3205",10,"2020-08-07",0
659,"3206",10,"2020-08-07",0
670,"3207",10,"2020-08-07",0
681,"3208",10,"2020-08-07",0
692,"3209",10,"2020-08-07",0
703,"3210",10,"2020-08-07",0
714,"3211",10,"2020-08-07",0
725,"3212",10,"2020-08-07",4
736,"3213",10,"2020-08-07",0
747,"3214",10,"2020-08-07",0
758,"3215",10,"2020-08-07",1
769,"3216",10,"2020-08-07",8
780,"3217",10,"2020-08-07",0
791,"3218",10,"2020-08-07",0
802,"3271",10,"2020-08-07",0
813,"3272",10,"2020-08-07",0
824,"3273",10,"2020-08-07",0
835,"3274",10,"2020-08-07",2
846,"3275",10,"2020-08-07",0
857,"3276",10,"2020-08-07",0
868,"3277",10,"2020-08-07",0
879,"3278",10,"2020-08-07",0
890,"3279",10,"2020-08-07",0
605,"3201",11,"2020-08-07",0
616,"3202",11,"2020-08-07",0
627,"3203",11,"2020-08-07",0
638,"3204",11,"2020-08-07",0
649,"3205",11,"2020-08-07",0
660,"3206",11,"2020-08-07",0
671,"3207",11,"2020-08-07",0
682,"3208",11,"2020-08-07",0
693,"3209",11,"2020-08-07",1
704,"3210",11,"2020-08-07",0
715,"3211",11,"2020-08-07",0
726,"3212",11,"2020-08-07",0
737,"3213",11,"2020-08-07",0
748,"3214",11,"2020-08-07",0
759,"3215",11,"2020-08-07",0
770,"3216",11,"2020-08-07",3
781,"3217",11,"2020-08-07",0
792,"3218",11,"2020-08-07",0
803,"3271",11,"2020-08-07",0
814,"3272",11,"2020-08-07",0
825,"3273",11,"2020-08-07",0
836,"3274",11,"2020-08-07",0
847,"3275",11,"2020-08-07",0
858,"3276",11,"2020-08-07",0
869,"3277",11,"2020-08-07",0
880,"3278",11,"2020-08-07",0
891,"3279",11,"2020-08-07",0
949,"3206",3,"2020-08-08",0
938,"3205",3,"2020-08-08",0
927,"3204",3,"2020-08-08",0
916,"3203",3,"2020-08-08",0
905,"3202",3,"2020-08-08",0
894,"3201",3,"2020-08-08",0
985,"3209",6,"2020-08-08",0
974,"3208",6,"2020-08-08",0
963,"3207",6,"2020-08-08",0
952,"3206",6,"2020-08-08",0
941,"3205",6,"2020-08-08",0
930,"3204",6,"2020-08-08",0
919,"3203",6,"2020-08-08",0
908,"3202",6,"2020-08-08",1
897,"3201",6,"2020-08-08",0
1050,"3215",5,"2020-08-08",0
1016,"3212",4,"2020-08-08",0
1005,"3211",4,"2020-08-08",0
994,"3210",4,"2020-08-08",0
983,"3209",4,"2020-08-08",0
972,"3208",4,"2020-08-08",0
961,"3207",4,"2020-08-08",0
950,"3206",4,"2020-08-08",0
939,"3205",4,"2020-08-08",0
928,"3204",4,"2020-08-08",0
917,"3203",4,"2020-08-08",0
906,"3202",4,"2020-08-08",0
895,"3201",4,"2020-08-08",1
1028,"3213",5,"2020-08-08",0
1039,"3214",5,"2020-08-08",0
1183,"3279",6,"2020-08-08",0
1172,"3278",6,"2020-08-08",0
1161,"3277",6,"2020-08-08",0
1061,"3216",5,"2020-08-08",0
1072,"3217",5,"2020-08-08",0
1083,"3218",5,"2020-08-08",0
1094,"3271",5,"2020-08-08",0
1105,"3272",5,"2020-08-08",0
1116,"3273",5,"2020-08-08",0
1127,"3274",5,"2020-08-08",0
1138,"3275",5,"2020-08-08",0
1149,"3276",5,"2020-08-08",0
1160,"3277",5,"2020-08-08",0
902,"3201",11,"2020-08-08",0
913,"3202",11,"2020-08-08",0
924,"3203",11,"2020-08-08",0
935,"3204",11,"2020-08-08",0
946,"3205",11,"2020-08-08",0
957,"3206",11,"2020-08-08",0
968,"3207",11,"2020-08-08",0
979,"3208",11,"2020-08-08",0
990,"3209",11,"2020-08-08",0
1001,"3210",11,"2020-08-08",0
900,"3201",9,"2020-08-08",0
911,"3202",9,"2020-08-08",0
922,"3203",9,"2020-08-08",0
933,"3204",9,"2020-08-08",0
944,"3205",9,"2020-08-08",3
955,"3206",9,"2020-08-08",0
966,"3207",9,"2020-08-08",0
977,"3208",9,"2020-08-08",1
988,"3209",9,"2020-08-08",1
999,"3210",9,"2020-08-08",1
1010,"3211",9,"2020-08-08",0
1021,"3212",9,"2020-08-08",0
1032,"3213",9,"2020-08-08",1
1043,"3214",9,"2020-08-08",0
1054,"3215",9,"2020-08-08",0
1065,"3216",9,"2020-08-08",0
1076,"3217",9,"2020-08-08",0
1087,"3218",9,"2020-08-08",0
1098,"3271",9,"2020-08-08",0
1109,"3272",9,"2020-08-08",53
1120,"3273",9,"2020-08-08",0
1131,"3274",9,"2020-08-08",0
1142,"3275",9,"2020-08-08",0
1153,"3276",9,"2020-08-08",0
1164,"3277",9,"2020-08-08",0
1175,"3278",9,"2020-08-08",0
1186,"3279",9,"2020-08-08",0
1150,"3276",6,"2020-08-08",25
1139,"3275",6,"2020-08-08",9
1128,"3274",6,"2020-08-08",0
1117,"3273",6,"2020-08-08",0
1106,"3272",6,"2020-08-08",0
1030,"3213",7,"2020-08-08",14
1041,"3214",7,"2020-08-08",0
1052,"3215",7,"2020-08-08",0
1063,"3216",7,"2020-08-08",0
1074,"3217",7,"2020-08-08",0
1085,"3218",7,"2020-08-08",0
1096,"3271",7,"2020-08-08",0
1107,"3272",7,"2020-08-08",0
1118,"3273",7,"2020-08-08",150
1129,"3274",7,"2020-08-08",0
1140,"3275",7,"2020-08-08",0
1151,"3276",7,"2020-08-08",0
1162,"3277",7,"2020-08-08",0
1173,"3278",7,"2020-08-08",46
1184,"3279",7,"2020-08-08",0
1181,"3279",4,"2020-08-08",0
1170,"3278",4,"2020-08-08",0
1159,"3277",4,"2020-08-08",0
907,"3202",5,"2020-08-08",0
896,"3201",5,"2020-08-08",0
1068,"3217",1,"2020-08-08",0
1057,"3216",1,"2020-08-08",0
1171,"3278",5,"2020-08-08",0
1182,"3279",5,"2020-08-08",0
1187,"3279",10,"2020-08-08",0
1176,"3278",10,"2020-08-08",0
1165,"3277",10,"2020-08-08",0
1154,"3276",10,"2020-08-08",0
1143,"3275",10,"2020-08-08",13
1132,"3274",10,"2020-08-08",1
1121,"3273",10,"2020-08-08",25
1110,"3272",10,"2020-08-08",0
1046,"3215",1,"2020-08-08",0
1035,"3214",1,"2020-08-08",27
1024,"3213",1,"2020-08-08",0
1013,"3212",1,"2020-08-08",4
1002,"3211",1,"2020-08-08",0
991,"3210",1,"2020-08-08",69
980,"3209",1,"2020-08-08",3
969,"3208",1,"2020-08-08",0
958,"3207",1,"2020-08-08",0
947,"3206",1,"2020-08-08",0
936,"3205",1,"2020-08-08",2
925,"3204",1,"2020-08-08",0
914,"3203",1,"2020-08-08",0
903,"3202",1,"2020-08-08",0
892,"3201",1,"2020-08-08",0
1178,"3279",1,"2020-08-08",0
1167,"3278",1,"2020-08-08",0
1179,"3279",2,"2020-08-08",0
1168,"3278",2,"2020-08-08",0
1157,"3277",2,"2020-08-08",0
1146,"3276",2,"2020-08-08",0
1135,"3275",2,"2020-08-08",0
1124,"3274",2,"2020-08-08",7
1113,"3273",2,"2020-08-08",10
1102,"3272",2,"2020-08-08",32
1091,"3271",2,"2020-08-08",0
1080,"3218",2,"2020-08-08",0
1069,"3217",2,"2020-08-08",0
1058,"3216",2,"2020-08-08",15
1047,"3215",2,"2020-08-08",7
1036,"3214",2,"2020-08-08",7
1025,"3213",2,"2020-08-08",0
1014,"3212",2,"2020-08-08",5
1003,"3211",2,"2020-08-08",0
992,"3210",2,"2020-08-08",0
981,"3209",2,"2020-08-08",0
970,"3208",2,"2020-08-08",0
959,"3207",2,"2020-08-08",0
948,"3206",2,"2020-08-08",0
937,"3205",2,"2020-08-08",0
926,"3204",2,"2020-08-08",0
915,"3203",2,"2020-08-08",0
904,"3202",2,"2020-08-08",0
893,"3201",2,"2020-08-08",0
1099,"3271",10,"2020-08-08",0
1088,"3218",10,"2020-08-08",0
1077,"3217",10,"2020-08-08",0
1066,"3216",10,"2020-08-08",12
1055,"3215",10,"2020-08-08",9
1044,"3214",10,"2020-08-08",6
1033,"3213",10,"2020-08-08",0
1022,"3212",10,"2020-08-08",3
1011,"3211",10,"2020-08-08",0
1000,"3210",10,"2020-08-08",0
1012,"3211",11,"2020-08-08",0
1023,"3212",11,"2020-08-08",0
1034,"3213",11,"2020-08-08",0
1045,"3214",11,"2020-08-08",0
1056,"3215",11,"2020-08-08",0
1067,"3216",11,"2020-08-08",1
1078,"3217",11,"2020-08-08",0
1089,"3218",11,"2020-08-08",0
1100,"3271",11,"2020-08-08",0
1111,"3272",11,"2020-08-08",0
1122,"3273",11,"2020-08-08",0
1133,"3274",11,"2020-08-08",0
1144,"3275",11,"2020-08-08",3
1155,"3276",11,"2020-08-08",0
1166,"3277",11,"2020-08-08",0
1177,"3278",11,"2020-08-08",0
1188,"3279",11,"2020-08-08",0
1156,"3277",1,"2020-08-08",0
1145,"3276",1,"2020-08-08",0
1134,"3275",1,"2020-08-08",0
1123,"3274",1,"2020-08-08",24
1112,"3273",1,"2020-08-08",0
1101,"3272",1,"2020-08-08",95
1090,"3271",1,"2020-08-08",0
1079,"3218",1,"2020-08-08",0
899,"3201",8,"2020-08-08",163
910,"3202",8,"2020-08-08",25
901,"3201",10,"2020-08-08",0
912,"3202",10,"2020-08-08",0
923,"3203",10,"2020-08-08",0
934,"3204",10,"2020-08-08",0
945,"3205",10,"2020-08-08",0
956,"3206",10,"2020-08-08",0
967,"3207",10,"2020-08-08",0
978,"3208",10,"2020-08-08",0
989,"3209",10,"2020-08-08",0
921,"3203",8,"2020-08-08",0
932,"3204",8,"2020-08-08",26
943,"3205",8,"2020-08-08",0
954,"3206",8,"2020-08-08",0
965,"3207",8,"2020-08-08",0
976,"3208",8,"2020-08-08",1
987,"3209",8,"2020-08-08",1
998,"3210",8,"2020-08-08",7
1009,"3211",8,"2020-08-08",4
1020,"3212",8,"2020-08-08",74
1031,"3213",8,"2020-08-08",0
1042,"3214",8,"2020-08-08",2
1053,"3215",8,"2020-08-08",57
1064,"3216",8,"2020-08-08",32
1075,"3217",8,"2020-08-08",7
1086,"3218",8,"2020-08-08",0
1097,"3271",8,"2020-08-08",1
1108,"3272",8,"2020-08-08",2
1119,"3273",8,"2020-08-08",21
1130,"3274",8,"2020-08-08",0
1141,"3275",8,"2020-08-08",7
1152,"3276",8,"2020-08-08",7
1163,"3277",8,"2020-08-08",0
1174,"3278",8,"2020-08-08",5
1185,"3279",8,"2020-08-08",0
898,"3201",7,"2020-08-08",0
909,"3202",7,"2020-08-08",0
920,"3203",7,"2020-08-08",0
931,"3204",7,"2020-08-08",0
942,"3205",7,"2020-08-08",0
953,"3206",7,"2020-08-08",0
964,"3207",7,"2020-08-08",3
975,"3208",7,"2020-08-08",0
986,"3209",7,"2020-08-08",0
997,"3210",7,"2020-08-08",0
1008,"3211",7,"2020-08-08",0
1019,"3212",7,"2020-08-08",0
918,"3203",5,"2020-08-08",0
929,"3204",5,"2020-08-08",0
940,"3205",5,"2020-08-08",0
951,"3206",5,"2020-08-08",0
962,"3207",5,"2020-08-08",0
973,"3208",5,"2020-08-08",0
984,"3209",5,"2020-08-08",0
995,"3210",5,"2020-08-08",0
1006,"3211",5,"2020-08-08",0
1017,"3212",5,"2020-08-08",0
1148,"3276",4,"2020-08-08",0
1137,"3275",4,"2020-08-08",1
1126,"3274",4,"2020-08-08",0
1115,"3273",4,"2020-08-08",1
1104,"3272",4,"2020-08-08",0
1095,"3271",6,"2020-08-08",0
1084,"3218",6,"2020-08-08",0
1073,"3217",6,"2020-08-08",0
1062,"3216",6,"2020-08-08",1
1051,"3215",6,"2020-08-08",0
1040,"3214",6,"2020-08-08",0
1029,"3213",6,"2020-08-08",0
1018,"3212",6,"2020-08-08",0
1007,"3211",6,"2020-08-08",0
996,"3210",6,"2020-08-08",0
1093,"3271",4,"2020-08-08",0
1082,"3218",4,"2020-08-08",0
1071,"3217",4,"2020-08-08",0
1060,"3216",4,"2020-08-08",0
1049,"3215",4,"2020-08-08",0
1038,"3214",4,"2020-08-08",0
1027,"3213",4,"2020-08-08",0
1180,"3279",3,"2020-08-08",0
1169,"3278",3,"2020-08-08",0
1158,"3277",3,"2020-08-08",0
1147,"3276",3,"2020-08-08",0
1136,"3275",3,"2020-08-08",0
1125,"3274",3,"2020-08-08",0
1114,"3273",3,"2020-08-08",0
1103,"3272",3,"2020-08-08",0
1092,"3271",3,"2020-08-08",0
1081,"3218",3,"2020-08-08",0
1070,"3217",3,"2020-08-08",0
1059,"3216",3,"2020-08-08",0
1048,"3215",3,"2020-08-08",0
1037,"3214",3,"2020-08-08",0
1026,"3213",3,"2020-08-08",0
1015,"3212",3,"2020-08-08",0
1004,"3211",3,"2020-08-08",0
993,"3210",3,"2020-08-08",0
982,"3209",3,"2020-08-08",0
971,"3208",3,"2020-08-08",0
960,"3207",3,"2020-08-08",0
1253,"3206",10,"2020-08-09",0
1478,"3279",4,"2020-08-09",0
1467,"3278",4,"2020-08-09",0
1456,"3277",4,"2020-08-09",0
1445,"3276",4,"2020-08-09",1
1434,"3275",4,"2020-08-09",1
1423,"3274",4,"2020-08-09",0
1412,"3273",4,"2020-08-09",0
1401,"3272",4,"2020-08-09",0
1390,"3271",4,"2020-08-09",1
1379,"3218",4,"2020-08-09",0
1368,"3217",4,"2020-08-09",0
1357,"3216",4,"2020-08-09",0
1346,"3215",4,"2020-08-09",0
1335,"3214",4,"2020-08-09",0
1324,"3213",4,"2020-08-09",0
1313,"3212",4,"2020-08-09",0
1302,"3211",4,"2020-08-09",0
1291,"3210",4,"2020-08-09",0
1280,"3209",4,"2020-08-09",0
1269,"3208",4,"2020-08-09",0
1258,"3207",4,"2020-08-09",0
1247,"3206",4,"2020-08-09",0
1236,"3205",4,"2020-08-09",0
1225,"3204",4,"2020-08-09",0
1214,"3203",4,"2020-08-09",0
1203,"3202",4,"2020-08-09",1
1192,"3201",4,"2020-08-09",0
1365,"3217",1,"2020-08-09",0
1354,"3216",1,"2020-08-09",78
1343,"3215",1,"2020-08-09",0
1332,"3214",1,"2020-08-09",2
1321,"3213",1,"2020-08-09",0
1310,"3212",1,"2020-08-09",0
1299,"3211",1,"2020-08-09",0
1288,"3210",1,"2020-08-09",0
1277,"3209",1,"2020-08-09",0
1266,"3208",1,"2020-08-09",8
1255,"3207",1,"2020-08-09",0
1244,"3206",1,"2020-08-09",0
1233,"3205",1,"2020-08-09",0
1222,"3204",1,"2020-08-09",0
1211,"3203",1,"2020-08-09",0
1200,"3202",1,"2020-08-09",0
1189,"3201",1,"2020-08-09",0
1195,"3201",7,"2020-08-09",0
1206,"3202",7,"2020-08-09",0
1217,"3203",7,"2020-08-09",0
1228,"3204",7,"2020-08-09",0
1239,"3205",7,"2020-08-09",0
1250,"3206",7,"2020-08-09",0
1261,"3207",7,"2020-08-09",3
1272,"3208",7,"2020-08-09",0
1283,"3209",7,"2020-08-09",0
1294,"3210",7,"2020-08-09",0
1305,"3211",7,"2020-08-09",0
1316,"3212",7,"2020-08-09",0
1327,"3213",7,"2020-08-09",15
1338,"3214",7,"2020-08-09",0
1349,"3215",7,"2020-08-09",0
1360,"3216",7,"2020-08-09",1
1371,"3217",7,"2020-08-09",0
1382,"3218",7,"2020-08-09",0
1393,"3271",7,"2020-08-09",0
1404,"3272",7,"2020-08-09",0
1415,"3273",7,"2020-08-09",150
1426,"3274",7,"2020-08-09",0
1437,"3275",7,"2020-08-09",0
1448,"3276",7,"2020-08-09",0
1459,"3277",7,"2020-08-09",0
1470,"3278",7,"2020-08-09",46
1481,"3279",7,"2020-08-09",0
1477,"3279",3,"2020-08-09",0
1466,"3278",3,"2020-08-09",0
1455,"3277",3,"2020-08-09",0
1444,"3276",3,"2020-08-09",0
1433,"3275",3,"2020-08-09",0
1422,"3274",3,"2020-08-09",0
1411,"3273",3,"2020-08-09",0
1400,"3272",3,"2020-08-09",0
1389,"3271",3,"2020-08-09",0
1378,"3218",3,"2020-08-09",0
1367,"3217",3,"2020-08-09",0
1356,"3216",3,"2020-08-09",0
1345,"3215",3,"2020-08-09",0
1334,"3214",3,"2020-08-09",0
1323,"3213",3,"2020-08-09",0
1312,"3212",3,"2020-08-09",0
1301,"3211",3,"2020-08-09",0
1290,"3210",3,"2020-08-09",0
1279,"3209",3,"2020-08-09",0
1268,"3208",3,"2020-08-09",0
1309,"3211",11,"2020-08-09",0
1320,"3212",11,"2020-08-09",0
1331,"3213",11,"2020-08-09",0
1342,"3214",11,"2020-08-09",0
1353,"3215",11,"2020-08-09",0
1364,"3216",11,"2020-08-09",0
1375,"3217",11,"2020-08-09",0
1386,"3218",11,"2020-08-09",0
1397,"3271",11,"2020-08-09",0
1408,"3272",11,"2020-08-09",0
1196,"3201",8,"2020-08-09",167
1207,"3202",8,"2020-08-09",25
1218,"3203",8,"2020-08-09",0
1229,"3204",8,"2020-08-09",26
1240,"3205",8,"2020-08-09",0
1251,"3206",8,"2020-08-09",0
1262,"3207",8,"2020-08-09",0
1273,"3208",8,"2020-08-09",1
1284,"3209",8,"2020-08-09",1
1295,"3210",8,"2020-08-09",7
1306,"3211",8,"2020-08-09",4
1317,"3212",8,"2020-08-09",74
1328,"3213",8,"2020-08-09",0
1339,"3214",8,"2020-08-09",2
1350,"3215",8,"2020-08-09",57
1361,"3216",8,"2020-08-09",32
1372,"3217",8,"2020-08-09",7
1383,"3218",8,"2020-08-09",0
1394,"3271",8,"2020-08-09",46
1405,"3272",8,"2020-08-09",2
1416,"3273",8,"2020-08-09",21
1427,"3274",8,"2020-08-09",0
1438,"3275",8,"2020-08-09",7
1449,"3276",8,"2020-08-09",7
1460,"3277",8,"2020-08-09",0
1471,"3278",8,"2020-08-09",5
1482,"3279",8,"2020-08-09",0
1257,"3207",3,"2020-08-09",0
1246,"3206",3,"2020-08-09",0
1235,"3205",3,"2020-08-09",0
1224,"3204",3,"2020-08-09",0
1213,"3203",3,"2020-08-09",0
1202,"3202",3,"2020-08-09",0
1191,"3201",3,"2020-08-09",0
1476,"3279",2,"2020-08-09",0
1465,"3278",2,"2020-08-09",0
1454,"3277",2,"2020-08-09",0
1443,"3276",2,"2020-08-09",0
1432,"3275",2,"2020-08-09",0
1421,"3274",2,"2020-08-09",0
1410,"3273",2,"2020-08-09",0
1399,"3272",2,"2020-08-09",0
1388,"3271",2,"2020-08-09",21
1377,"3218",2,"2020-08-09",0
1419,"3273",11,"2020-08-09",0
1430,"3274",11,"2020-08-09",0
1441,"3275",11,"2020-08-09",0
1452,"3276",11,"2020-08-09",0
1463,"3277",11,"2020-08-09",0
1474,"3278",11,"2020-08-09",0
1485,"3279",11,"2020-08-09",0
1197,"3201",9,"2020-08-09",229
1208,"3202",9,"2020-08-09",0
1219,"3203",9,"2020-08-09",0
1230,"3204",9,"2020-08-09",14
1241,"3205",9,"2020-08-09",0
1252,"3206",9,"2020-08-09",0
1263,"3207",9,"2020-08-09",0
1274,"3208",9,"2020-08-09",2
1285,"3209",9,"2020-08-09",0
1296,"3210",9,"2020-08-09",2
1307,"3211",9,"2020-08-09",0
1318,"3212",9,"2020-08-09",0
1329,"3213",9,"2020-08-09",0
1340,"3214",9,"2020-08-09",0
1351,"3215",9,"2020-08-09",0
1362,"3216",9,"2020-08-09",0
1373,"3217",9,"2020-08-09",0
1384,"3218",9,"2020-08-09",0
1395,"3271",9,"2020-08-09",2
1406,"3272",9,"2020-08-09",0
1417,"3273",9,"2020-08-09",0
1428,"3274",9,"2020-08-09",0
1439,"3275",9,"2020-08-09",0
1450,"3276",9,"2020-08-09",0
1461,"3277",9,"2020-08-09",0
1472,"3278",9,"2020-08-09",0
1483,"3279",9,"2020-08-09",0
1366,"3217",2,"2020-08-09",0
1355,"3216",2,"2020-08-09",0
1344,"3215",2,"2020-08-09",5
1333,"3214",2,"2020-08-09",0
1322,"3213",2,"2020-08-09",10
1311,"3212",2,"2020-08-09",0
1300,"3211",2,"2020-08-09",0
1289,"3210",2,"2020-08-09",0
1278,"3209",2,"2020-08-09",0
1267,"3208",2,"2020-08-09",0
1256,"3207",2,"2020-08-09",0
1245,"3206",2,"2020-08-09",0
1234,"3205",2,"2020-08-09",0
1223,"3204",2,"2020-08-09",0
1212,"3203",2,"2020-08-09",0
1201,"3202",2,"2020-08-09",0
1190,"3201",2,"2020-08-09",0
1199,"3201",11,"2020-08-09",0
1210,"3202",11,"2020-08-09",0
1221,"3203",11,"2020-08-09",0
1232,"3204",11,"2020-08-09",0
1243,"3205",11,"2020-08-09",0
1254,"3206",11,"2020-08-09",0
1265,"3207",11,"2020-08-09",0
1276,"3208",11,"2020-08-09",0
1287,"3209",11,"2020-08-09",0
1298,"3210",11,"2020-08-09",0
1198,"3201",10,"2020-08-09",3790
1209,"3202",10,"2020-08-09",0
1220,"3203",10,"2020-08-09",0
1231,"3204",10,"2020-08-09",2
1242,"3205",10,"2020-08-09",0
1264,"3207",10,"2020-08-09",0
1275,"3208",10,"2020-08-09",0
1286,"3209",10,"2020-08-09",3
1297,"3210",10,"2020-08-09",0
1308,"3211",10,"2020-08-09",0
1319,"3212",10,"2020-08-09",0
1330,"3213",10,"2020-08-09",0
1341,"3214",10,"2020-08-09",1
1352,"3215",10,"2020-08-09",0
1363,"3216",10,"2020-08-09",18
1374,"3217",10,"2020-08-09",0
1385,"3218",10,"2020-08-09",0
1396,"3271",10,"2020-08-09",0
1407,"3272",10,"2020-08-09",0
1479,"3279",5,"2020-08-09",0
1468,"3278",5,"2020-08-09",0
1457,"3277",5,"2020-08-09",0
1446,"3276",5,"2020-08-09",0
1435,"3275",5,"2020-08-09",0
1424,"3274",5,"2020-08-09",0
1413,"3273",5,"2020-08-09",0
1402,"3272",5,"2020-08-09",0
1391,"3271",5,"2020-08-09",0
1380,"3218",5,"2020-08-09",0
1369,"3217",5,"2020-08-09",0
1358,"3216",5,"2020-08-09",0
1347,"3215",5,"2020-08-09",0
1336,"3214",5,"2020-08-09",0
1325,"3213",5,"2020-08-09",0
1314,"3212",5,"2020-08-09",0
1303,"3211",5,"2020-08-09",0
1292,"3210",5,"2020-08-09",0
1281,"3209",5,"2020-08-09",0
1270,"3208",5,"2020-08-09",0
1259,"3207",5,"2020-08-09",0
1248,"3206",5,"2020-08-09",0
1237,"3205",5,"2020-08-09",0
1226,"3204",5,"2020-08-09",0
1215,"3203",5,"2020-08-09",0
1204,"3202",5,"2020-08-09",0
1193,"3201",5,"2020-08-09",0
1418,"3273",10,"2020-08-09",0
1429,"3274",10,"2020-08-09",1
1440,"3275",10,"2020-08-09",0
1451,"3276",10,"2020-08-09",0
1462,"3277",10,"2020-08-09",0
1473,"3278",10,"2020-08-09",0
1484,"3279",10,"2020-08-09",0
1475,"3279",1,"2020-08-09",0
1464,"3278",1,"2020-08-09",0
1453,"3277",1,"2020-08-09",0
1442,"3276",1,"2020-08-09",0
1431,"3275",1,"2020-08-09",0
1420,"3274",1,"2020-08-09",0
1409,"3273",1,"2020-08-09",0
1398,"3272",1,"2020-08-09",0
1387,"3271",1,"2020-08-09",32
1376,"3218",1,"2020-08-09",0
1194,"3201",6,"2020-08-09",0
1205,"3202",6,"2020-08-09",1
1216,"3203",6,"2020-08-09",0
1227,"3204",6,"2020-08-09",0
1238,"3205",6,"2020-08-09",0
1249,"3206",6,"2020-08-09",0
1260,"3207",6,"2020-08-09",0
1271,"3208",6,"2020-08-09",0
1282,"3209",6,"2020-08-09",0
1293,"3210",6,"2020-08-09",0
1304,"3211",6,"2020-08-09",0
1315,"3212",6,"2020-08-09",0
1326,"3213",6,"2020-08-09",0
1337,"3214",6,"2020-08-09",0
1348,"3215",6,"2020-08-09",0
1359,"3216",6,"2020-08-09",1
1370,"3217",6,"2020-08-09",0
1381,"3218",6,"2020-08-09",0
1392,"3271",6,"2020-08-09",1
1403,"3272",6,"2020-08-09",0
1414,"3273",6,"2020-08-09",0
1425,"3274",6,"2020-08-09",0
1436,"3275",6,"2020-08-09",9
1447,"3276",6,"2020-08-09",25
1458,"3277",6,"2020-08-09",0
1469,"3278",6,"2020-08-09",0
1480,"3279",6,"2020-08-09",0
1503,"3203",7,"2020-08-10",1
1492,"3201",7,"2020-08-10",0
1489,"3201",4,"2020-08-10",0
1500,"3203",4,"2020-08-10",0
1588,"3217",4,"2020-08-10",0
1495,"3201",10,"2020-08-10",0
1506,"3203",10,"2020-08-10",35
1517,"3204",10,"2020-08-10",0
1528,"3205",10,"2020-08-10",7
1539,"3207",10,"2020-08-10",0
1550,"3209",10,"2020-08-10",0
1561,"3212",10,"2020-08-10",15
1572,"3215",10,"2020-08-10",7
1583,"3216",10,"2020-08-10",12
1594,"3217",10,"2020-08-10",0
1577,"3216",4,"2020-08-10",0
1566,"3215",4,"2020-08-10",0
1555,"3212",4,"2020-08-10",0
1544,"3209",4,"2020-08-10",0
1533,"3207",4,"2020-08-10",0
1486,"3201",1,"2020-08-10",0
1497,"3203",1,"2020-08-10",26
1508,"3204",1,"2020-08-10",85
1519,"3205",1,"2020-08-10",0
1530,"3207",1,"2020-08-10",0
1541,"3209",1,"2020-08-10",0
1552,"3212",1,"2020-08-10",2
1563,"3215",1,"2020-08-10",1
1574,"3216",1,"2020-08-10",0
1585,"3217",1,"2020-08-10",0
1593,"3217",9,"2020-08-10",0
1582,"3216",9,"2020-08-10",5
1571,"3215",9,"2020-08-10",0
1560,"3212",9,"2020-08-10",0
1549,"3209",9,"2020-08-10",1
1538,"3207",9,"2020-08-10",0
1527,"3205",9,"2020-08-10",0
1516,"3204",9,"2020-08-10",6
1522,"3205",4,"2020-08-10",0
1491,"3201",6,"2020-08-10",0
1502,"3203",6,"2020-08-10",0
1513,"3204",6,"2020-08-10",0
1524,"3205",6,"2020-08-10",0
1511,"3204",4,"2020-08-10",0
1498,"3203",2,"2020-08-10",6
1509,"3204",2,"2020-08-10",0
1520,"3205",2,"2020-08-10",0
1531,"3207",2,"2020-08-10",0
1542,"3209",2,"2020-08-10",0
1553,"3212",2,"2020-08-10",10
1564,"3215",2,"2020-08-10",27
1575,"3216",2,"2020-08-10",6
1586,"3217",2,"2020-08-10",0
1592,"3217",8,"2020-08-10",7
1581,"3216",8,"2020-08-10",32
1570,"3215",8,"2020-08-10",57
1559,"3212",8,"2020-08-10",74
1548,"3209",8,"2020-08-10",1
1589,"3217",5,"2020-08-10",0
1578,"3216",5,"2020-08-10",0
1567,"3215",5,"2020-08-10",0
1556,"3212",5,"2020-08-10",0
1545,"3209",5,"2020-08-10",0
1534,"3207",5,"2020-08-10",0
1523,"3205",5,"2020-08-10",0
1512,"3204",5,"2020-08-10",0
1501,"3203",5,"2020-08-10",0
1490,"3201",5,"2020-08-10",0
1537,"3207",8,"2020-08-10",0
1526,"3205",8,"2020-08-10",0
1515,"3204",8,"2020-08-10",26
1504,"3203",8,"2020-08-10",0
1493,"3201",8,"2020-08-10",167
1488,"3201",3,"2020-08-10",0
1499,"3203",3,"2020-08-10",0
1510,"3204",3,"2020-08-10",0
1521,"3205",3,"2020-08-10",0
1532,"3207",3,"2020-08-10",0
1543,"3209",3,"2020-08-10",0
1554,"3212",3,"2020-08-10",0
1565,"3215",3,"2020-08-10",0
1535,"3207",6,"2020-08-10",0
1546,"3209",6,"2020-08-10",0
1557,"3212",6,"2020-08-10",0
1568,"3215",6,"2020-08-10",0
1579,"3216",6,"2020-08-10",1
1590,"3217",6,"2020-08-10",0
1576,"3216",3,"2020-08-10",0
1587,"3217",3,"2020-08-10",0
1591,"3217",7,"2020-08-10",0
1580,"3216",7,"2020-08-10",2
1569,"3215",7,"2020-08-10",0
1558,"3212",7,"2020-08-10",0
1547,"3209",7,"2020-08-10",0
1536,"3207",7,"2020-08-10",3
1505,"3203",9,"2020-08-10",0
1494,"3201",9,"2020-08-10",0
1595,"3217",11,"2020-08-10",1
1584,"3216",11,"2020-08-10",0
1573,"3215",11,"2020-08-10",0
1562,"3212",11,"2020-08-10",0
1551,"3209",11,"2020-08-10",0
1540,"3207",11,"2020-08-10",0
1529,"3205",11,"2020-08-10",0
1518,"3204",11,"2020-08-10",0
1507,"3203",11,"2020-08-10",2
1496,"3201",11,"2020-08-10",5
1487,"3201",2,"2020-08-10",0
1525,"3205",7,"2020-08-10",0
1514,"3204",7,"2020-08-10",0
